{
    "Not Sarcastic": {
        "precision": 0.6466346153846154,
        "recall": 0.6593137254901961,
        "f1-score": 0.6529126213592233,
        "support": 1632.0
    },
    "Sarcastic": {
        "precision": 0.6380208333333334,
        "recall": 0.625,
        "f1-score": 0.6314432989690721,
        "support": 1568.0
    },
    "accuracy": 0.6425,
    "macro avg": {
        "precision": 0.6423277243589745,
        "recall": 0.642156862745098,
        "f1-score": 0.6421779601641477,
        "support": 3200.0
    },
    "weighted avg": {
        "precision": 0.6424138621794873,
        "recall": 0.6425,
        "f1-score": 0.6423926533880493,
        "support": 3200.0
    }
}